,n_id,x,y,geometry,elevation,n_demand,dw_demand,lat,lon,cluster
0,R0,1172625.7969343567,-1307140.236531628,POINT (1172625.7969343567 -1307140.236531628),77.85712432861328,7,185.45757597940212,32.449146,-87.525788,0
1,R56,1172871.8824472593,-1307100.8876093717,POINT (1172871.8824472593 -1307100.8876093717),72.81452178955078,8,124.88501855476665,32.4493343,-87.5240254,0
2,R1,1172458.2972103977,-1306631.3700778356,POINT (1172458.2972103977 -1306631.3700778356),75.49811553955078,1,26.995859217229086,32.454748,-87.527017,0
3,R297,1172499.7870047577,-1306478.5608025924,POINT (1172499.7870047577 -1306478.5608025924),78.2745361328125,1,19.764507170229663,32.4540987,-87.5250974,0
4,R2,1172988.0148143622,-1309973.0348321574,POINT (1172988.0148143622 -1309973.0348321574),84.57620239257812,6,116.46240323649832,32.423583,-87.525483,0
5,R32,1173557.9071326961,-1309882.9325660132,POINT (1173557.9071326961 -1309882.9325660132),83.76522827148438,1,38.628815120686816,32.423561,-87.524063,0
6,R3,1173809.29958426,-1310115.2069363573,POINT (1173809.29958426 -1310115.2069363573),87.5400161743164,0,0.0,32.421211,-87.515609,-1
7,R278,1173532.4845086604,-1310102.3768838386,POINT (1173532.4845086604 -1310102.3768838386),84.27923583984375,0,0.0,32.4215539,-87.5156164,-1
8,R4,1173557.9071326961,-1309882.9325660132,POINT (1173557.9071326961 -1309882.9325660132),83.76522827148438,0,0.0,32.425477,-87.515792,0
9,R301,1173790.0442913738,-1309978.5709008893,POINT (1173790.0442913738 -1309978.5709008893),87.54065704345703,1,8.284379669031912,-87.51562588984,32.422456498923054,0
10,R302,1173776.5348723906,-1309879.4876271286,POINT (1173776.5348723906 -1309879.4876271286),87.36511993408203,2,44.010020421903135,-87.51563335769004,32.42335908940233,0
11,R303,1173762.997877052,-1309780.4081152135,POINT (1173762.997877052 -1309780.4081152135),88.0750961303711,8,143.19282705309558,-87.5156411192046,32.424261681758,0
12,R304,1173468.5341217218,-1309693.2054612706,POINT (1173468.5341217218 -1309693.2054612706),86.15477752685547,3,40.60661197340417,-87.5186230075252,32.425427853083725,0
13,R305,1173566.8297658141,-1309674.8216000749,POINT (1173566.8297658141 -1309674.8216000749),87.41854858398438,5,85.6834172980437,-87.51756301350018,32.425462694815415,0
14,R47,1173731.6825150168,-1309648.9285555438,POINT (1173731.6825150168 -1309648.9285555438),90.64678192138672,5,85.4318936325543,32.425393,-87.519683,0
15,R70,1173731.0331399231,-1309578.4752757458,POINT (1173731.0331399231 -1309578.4752757458),90.53459167480469,4,63.85347189529327,32.426107,-87.515703,0
16,R306,1173639.7368437815,-1309826.2647642859,POINT (1173639.7368437815 -1309826.2647642859),86.67072296142578,0,0.0,-87.51700133133421,32.42401437744226,0
17,R307,1173699.6815971965,-1309746.9782945365,POINT (1173699.6815971965 -1309746.9782945365),89.02550506591797,3,62.09161557523965,-87.51626231863644,32.42464352796799,0
18,R48,1173459.6135405481,-1309765.9027754685,POINT (1173459.6135405481 -1309765.9027754685),85.18241882324219,7,147.09158251699137,32.423616,-87.51794,0
19,R5,1173970.4021100614,-1307083.896986815,POINT (1173970.4021100614 -1307083.896986815),88.13398742675781,4,64.8655093211528,32.448183,-87.510367,0
20,R6,1173778.1212687304,-1306950.8740697985,POINT (1173778.1212687304 -1306950.8740697985),90.35396575927734,14,357.43426602887735,32.449514,-87.510304,0
21,R103,1173946.4240294432,-1307167.9508281082,POINT (1173946.4240294432 -1307167.9508281082),89.25665283203125,4,64.15230590793232,32.448161,-87.511188,0
22,R79,1174156.0677564405,-1307131.2138194882,POINT (1174156.0677564405 -1307131.2138194882),86.16809844970703,11,290.4742943449732,32.448068,-87.509787,0
23,R162,1173931.50279641,-1306867.7196949366,POINT (1173931.50279641 -1306867.7196949366),87.88175964355469,6,223.3558086399136,32.449517,-87.5098989,0
24,R163,1173765.2885544354,-1306834.429881169,POINT (1173765.2885544354 -1306834.429881169),89.28507232666016,11,321.88798529102445,32.449509,-87.511631,0
25,R7,1174123.531375552,-1308680.408690257,POINT (1174123.531375552 -1308680.408690257),85.92749786376953,7,106.21762697091232,32.436466,-87.510573,0
26,R8,1173974.882474734,-1308438.5993368987,POINT (1173974.882474734 -1308438.5993368987),84.39141845703125,3,44.38034247398685,32.436428,-87.511678,0
27,R308,1174267.3694872507,-1308277.324952478,POINT (1174267.3694872507 -1308277.324952478),87.5098876953125,3,32.63525894602434,-87.50828456809333,32.43702005199265,0
28,R309,1174173.228357217,-1308258.4522855019,POINT (1174173.228357217 -1308258.4522855019),87.49949645996094,0,0.0,-87.50925024859806,32.43731253770538,0
29,R310,1174112.9895371394,-1308201.0546239093,POINT (1174112.9895371394 -1308201.0546239093),89.59658813476562,2,33.16936263662176,-87.50980646885249,32.43790439680094,0
30,R25,1174061.9948310866,-1308369.652314577,POINT (1174061.9948310866 -1308369.652314577),84.59503173828125,11,145.89332708780287,32.436987,-87.507254,0
31,R311,1174107.586101562,-1308581.688133951,POINT (1174107.586101562 -1308581.688133951),84.67507934570312,9,98.45252904871015,-87.51038153116036,32.43451254586551,0
32,R312,1174081.7942008113,-1308485.3178889337,POINT (1174081.7942008113 -1308485.3178889337),84.66607666015625,8,96.42694276070904,-87.51052195067204,32.43540706664281,0
33,R30,1174092.0609986424,-1308946.0841977652,POINT (1174092.0609986424 -1308946.0841977652),88.2263412475586,8,108.45333590595001,32.43361,-87.510348,0
34,R9,1173800.6288669845,-1308315.0105075273,POINT (1173800.6288669845 -1308315.0105075273),79.07770538330078,7,87.99844861478346,32.436414,-87.512475,0
35,R41,1173995.6873818822,-1308476.7202590907,POINT (1173995.6873818822 -1308476.7202590907),84.46417236328125,3,24.28005332164779,32.435965,-87.5115842,1
36,R313,1173731.7291601363,-1308427.9207818492,POINT (1173731.7291601363 -1308427.9207818492),78.92359924316406,6,83.52761528653848,-87.51413022976308,32.43638041784575,0
37,R10,1173616.183942319,-1308504.3482224527,POINT (1173616.183942319 -1308504.3482224527),76.59883880615234,6,91.21255348597566,32.436373,-87.515191,0
38,R85,1173885.4955191712,-1308401.4951212197,POINT (1173885.4955191712 -1308401.4951212197),82.75395965576172,7,98.53732755719672,32.437298,-87.513251,0
39,R314,1173710.966952921,-1308195.3747226454,POINT (1173710.966952921 -1308195.3747226454),80.55742645263672,1,14.459057434222899,-87.51403239540852,32.43848433905742,0
40,R315,1173681.4493698627,-1308290.9190175582,POINT (1173681.4493698627 -1308290.9190175582),76.524658203125,1,9.975114421964498,-87.514473271317,32.4376699955567,0
41,R147,1173847.6332945235,-1308099.0063282507,POINT (1173847.6332945235 -1308099.0063282507),85.26044464111328,3,67.74225379695122,32.439296,-87.513585,0
42,R42,1173578.5914483783,-1308622.7677317774,POINT (1173578.5914483783 -1308622.7677317774),74.97870635986328,1,39.505406220014315,32.43585,-87.515451,0
43,R11,1174645.5552768023,-1307593.0828448334,POINT (1174645.5552768023 -1307593.0828448334),84.1486587524414,2,47.440767794044795,32.443883,-87.502699,0
44,R12,1174785.2266492131,-1307542.3856481828,POINT (1174785.2266492131 -1307542.3856481828),80.0895767211914,3,82.51670364079649,32.442632,-87.50337,0
45,R13,1174478.9455160024,-1307550.478788942,POINT (1174478.9455160024 -1307550.478788942),83.39957427978516,0,0.0,32.442089,-87.50367,0
46,R43,1174645.5552768023,-1307593.0828448334,POINT (1174645.5552768023 -1307593.0828448334),84.1486587524414,0,0.0,32.4429007,-87.50183,-1
47,R316,1175031.730209472,-1307960.3979552684,POINT (1175031.730209472 -1307960.3979552684),84.60101318359375,0,0.0,-87.49980358302662,32.438843255808955,0
48,R317,1174951.8040238358,-1307900.299662034,POINT (1174951.8040238358 -1307900.299662034),86.19686889648438,3,42.85022528001175,-87.50056339367231,32.439485219784736,0
49,R318,1174871.7351790601,-1307840.3916845876,POINT (1174871.7351790601 -1307840.3916845876),86.59453582763672,3,77.21273049001636,-87.5013249764303,32.440125666622784,0
50,R319,1174791.5865748003,-1307780.5906103207,POINT (1174791.5865748003 -1307780.5906103207),86.489501953125,1,31.067111805675836,-87.50208755526333,32.44076525825653,0
51,R320,1174711.0603981572,-1307721.2986641962,POINT (1174711.0603981572 -1307721.2986641962),86.34541320800781,6,93.15725152552247,-87.50285481445287,32.441400795298144,0
52,R109,1175251.4589471926,-1307982.3698311716,POINT (1175251.4589471926 -1307982.3698311716),83.78467559814453,8,110.47491660537791,32.438197,-87.499049,0
53,R59,1174508.3823968514,-1307508.6433557328,POINT (1174508.3823968514 -1307508.6433557328),83.3014144897461,2,109.93750712960927,32.4432319,-87.5050666,0
54,R14,1173741.1291228689,-1308100.035481627,POINT (1173741.1291228689 -1308100.035481627),84.22632598876953,5,75.80978665283094,32.440252,-87.513306,0
55,R49,1173738.8372395006,-1307880.9950240506,POINT (1173738.8372395006 -1307880.9950240506),78.14275360107422,4,40.358978006480214,32.440344,-87.513302,0
56,R15,1173624.0565332954,-1308111.1316530455,POINT (1173624.0565332954 -1308111.1316530455),83.00129699707031,4,59.511924907841745,32.4402436,-87.5146276,0
57,R16,1173580.5574830906,-1308014.0689850508,POINT (1173580.5574830906 -1308014.0689850508),80.636474609375,9,116.88785148610961,32.440275,-87.515159,0
58,R67,1173624.0565332954,-1308111.1316530455,POINT (1173624.0565332954 -1308111.1316530455),83.00129699707031,0,0.0,32.439351,-87.514833,0
59,R17,1174092.0609986424,-1308946.0841977652,POINT (1174092.0609986424 -1308946.0841977652),88.2263412475586,0,0.0,32.431292,-87.510251,0
60,R321,1174140.097738275,-1308779.0269219696,POINT (1174140.097738275 -1308779.0269219696),84.86294555664062,6,88.98182711261023,-87.51030778813119,32.43270754938114,0
61,R28,1174413.971437247,-1308934.1198654976,POINT (1174413.971437247 -1308934.1198654976),86.25648498535156,3,34.777232161915464,32.431292,-87.509423,0
62,R73,1173898.5043901904,-1309038.559110982,POINT (1173898.5043901904 -1309038.559110982),86.17058563232422,1,17.15965203303564,32.431279,-87.511041,0
63,R18,1175327.9597335148,-1308381.5716220308,POINT (1175327.9597335148 -1308381.5716220308),82.77838134765625,1,31.46760846996417,32.437458,-87.498487,0
64,R19,1175251.4589471926,-1307982.3698311716,POINT (1175251.4589471926 -1307982.3698311716),83.78467559814453,0,0.0,32.437641,-87.4975,0
65,R322,1175282.9328391228,-1308292.282323784,POINT (1175282.9328391228 -1308292.282323784),83.02372741699219,3,71.16088969044073,-87.49761048001561,32.43554865268475,0
66,R323,1175237.7152703095,-1308203.0907155112,POINT (1175237.7152703095 -1308203.0907155112),83.67647552490234,2,29.52088173849683,-87.49796510650978,32.43640468268358,0
67,R209,1175548.2013410954,-1308824.9340970682,POINT (1175548.2013410954 -1308824.9340970682),82.8550796508789,0,0.0,32.434692,-87.497258,0
68,R253,1175301.581251101,-1307972.1163556948,POINT (1175301.581251101 -1307972.1163556948),84.04032897949219,1,17.835395478001097,32.438383,-87.4969778,0
69,R250,1175251.4589471926,-1307982.3698311716,POINT (1175251.4589471926 -1307982.3698311716),83.78467559814453,0,0.0,32.4383575,-87.4975196,-1
70,R20,1173165.0315408055,-1307032.6583657812,POINT (1173165.0315408055 -1307032.6583657812),79.4226303100586,0,0.0,32.451015,-87.520475,0
71,R21,1172625.7969343567,-1307140.236531628,POINT (1172625.7969343567 -1307140.236531628),77.85712432861328,0,0.0,32.450939,-87.520985,0
72,R145,1172997.1712235026,-1306780.1838241844,POINT (1172997.1712235026 -1306780.1838241844),80.11568450927734,4,58.609770009834655,32.45107,-87.519564,2
73,R62,1172458.2972103977,-1306631.3700778356,POINT (1172458.2972103977 -1306631.3700778356),75.49811553955078,0,0.0,32.452145,-87.522053,0
74,R324,1173073.1948495016,-1306993.7474969993,POINT (1173073.1948495016 -1306993.7474969993),78.2239990234375,4,60.0345613133091,-87.51911390773866,32.450053899434735,0
75,R44,1173242.3997010281,-1307037.9996317858,POINT (1173242.3997010281 -1307037.9996317858),81.96463012695312,1,28.683724114884516,32.4495856,-87.5181996,0
76,R325,1172625.7169645329,-1306846.0373648268,POINT (1172625.7169645329 -1306846.0373648268),75.83657836914062,14,181.0488513222806,-87.5236260237503,32.451961566941236,0
77,R326,1172724.6050029462,-1306831.504874996,POINT (1172724.6050029462 -1306831.504874996),78.16045379638672,6,63.12071917996106,-87.52256469261431,32.45196127353375,0
78,R235,1172886.297274263,-1306922.1650075722,POINT (1172886.297274263 -1306922.1650075722),76.50904846191406,0,0.0,32.4519824,-87.5246869,-1
79,R327,1172666.088688207,-1306949.4628021054,POINT (1172666.088688207 -1306949.4628021054),78.45436096191406,4,58.45453244438158,-87.52334150564707,32.45098489349374,0
80,R328,1172765.093828632,-1306935.4279201939,POINT (1172765.093828632 -1306935.4279201939),80.39080047607422,4,71.18655035076146,-87.52227963052118,32.450980000057214,0
81,R55,1172886.297274263,-1306922.1650075722,POINT (1172886.297274263 -1306922.1650075722),76.50904846191406,0,0.0,32.4509731,-87.524403,-1
82,R329,1172702.7346143334,-1307076.5308713382,POINT (1172702.7346143334 -1307076.5308713382),75.22346496582031,0,0.0,-87.52312839758852,32.44980199346144,-1
83,R330,1172781.221815829,-1307014.5659391403,POINT (1172781.221815829 -1307014.5659391403),76.62623596191406,0,0.0,-87.52221743199357,32.45025209548195,-1
84,R22,1173691.6365602722,-1306098.6826643304,POINT (1173691.6365602722 -1306098.6826643304),90.5312728881836,3,130.90669243266447,32.458053,-87.510571,0
85,R242,1173755.4763043637,-1305997.3954239173,POINT (1173755.4763043637 -1305997.3954239173),90.74433898925781,2,73.86837268071862,32.4582976,-87.5086079,0
86,R220,1173755.4763043637,-1305997.3954239173,POINT (1173755.4763043637 -1305997.3954239173),90.74433898925781,0,0.0,32.458897,-87.50996,-1
87,R215,1173731.1571664622,-1305898.9715610363,POINT (1173731.1571664622 -1305898.9715610363),89.49195098876953,1,25.913553360646016,32.4572326,-87.5113814,0
88,R23,1173569.9343814054,-1306423.760286606,POINT (1173569.9343814054 -1306423.760286606),90.0978012084961,7,148.7682700715481,32.4566063,-87.5127948,0
89,R110,1173713.9870622025,-1306401.2133285163,POINT (1173713.9870622025 -1306401.2133285163),89.42543029785156,7,161.21679566200112,32.4565869,-87.5114967,0
90,R157,1173568.8603272566,-1306186.9208897357,POINT (1173568.8603272566 -1306186.9208897357),91.59907531738281,5,110.86295232752896,32.457223,-87.512366,0
91,R331,1173577.9910595429,-1306324.0853652998,POINT (1173577.9910595429 -1306324.0853652998),90.6733169555664,4,82.76815397758908,-87.51288541087834,32.455369454465455,0
92,R132,1173588.876358075,-1306604.0660138745,POINT (1173588.876358075 -1306604.0660138745),90.33839416503906,9,207.4945516966386,32.45449,-87.513106,0
93,R24,1175548.2013410954,-1308824.9340970682,POINT (1175548.2013410954 -1308824.9340970682),82.8550796508789,0,0.0,32.421686,-87.494807,-1
94,R332,1175594.054828676,-1308913.8017384047,POINT (1175594.054828676 -1308913.8017384047),82.28131103515625,0,0.0,-87.49518127384142,32.429588713281376,-1
95,R333,1175642.7199245917,-1309001.1460071,POINT (1175642.7199245917 -1309001.1460071),79.88353729248047,0,0.0,-87.49478787244969,32.428744621753246,-1
96,R334,1175692.1238627543,-1309088.0899597015,POINT (1175692.1238627543 -1309088.0899597015),77.80705261230469,0,0.0,-87.4943861521663,32.42790312903423,-1
97,R335,1175741.5278009172,-1309175.0339123034,POINT (1175741.5278009172 -1309175.0339123034),76.56367492675781,0,0.0,-87.49398443825363,32.427061634366645,-1
98,R336,1175790.3405566243,-1309262.3083082845,POINT (1175790.3405566243 -1309262.3083082845),77.43453979492188,0,0.0,-87.49358940571045,32.42621796637995,-1
99,R337,1175837.3006181677,-1309350.5782108915,POINT (1175837.3006181677 -1309350.5782108915),78.6344985961914,0,0.0,-87.49321524326676,32.425367849485795,-1
100,R338,1175882.2127611295,-1309439.9252836728,POINT (1175882.2127611295 -1309439.9252836728),80.81875610351562,0,0.0,-87.49286411714547,32.42451081202963,-1
101,R339,1175926.0598528532,-1309529.7966504993,POINT (1175926.0598528532 -1309529.7966504993),81.13300323486328,1,11.934821350944699,-87.49252492474974,32.423650495360306,0
102,R340,1175969.4761742542,-1309619.8800731476,POINT (1175969.4761742542 -1309619.8800731476),81.56558227539062,0,0.0,-87.49219056202223,32.42278885148661,0
103,R341,1176012.8924956552,-1309709.9634957958,POINT (1176012.8924956552 -1309709.9634957958),80.7339096069336,0,0.0,-87.49185620440093,32.42192720607007,0
104,R342,1176056.6941943117,-1309799.858694249,POINT (1176056.6941943117 -1309799.858694249),81.05548858642578,0,0.0,-87.49151753791142,32.421066731763496,0
105,R343,1175962.4861244967,-1309794.6706479848,POINT (1175962.4861244967 -1309794.6706479848),81.05548858642578,0,0.0,-87.4925023456101,32.42123726376831,0
106,R344,1175863.7998779379,-1309778.7162574264,POINT (1175863.7998779379 -1309778.7162574264),81.46299743652344,6,98.98804511148819,-87.49351963609152,32.42150982859377,0
107,R257,1175374.667244865,-1308861.3542025525,POINT (1175374.667244865 -1308861.3542025525),81.56798553466797,3,52.17545495498365,32.4304427,-87.495543,0
108,R26,1173432.1619538204,-1306350.5711925859,POINT (1173432.1619538204 -1306350.5711925859),90.88790130615234,4,104.79831824404803,32.455306,-87.513908,0
109,R27,1173432.1619538204,-1306350.5711925859,POINT (1173432.1619538204 -1306350.5711925859),90.88790130615234,0,0.0,32.4553249,-87.5144575,0
110,R243,1173416.074249281,-1306228.6150675002,POINT (1173416.074249281 -1306228.6150675002),87.55560302734375,0,0.0,32.4559737,-87.5144595,0
111,R131,1173469.1663055897,-1306609.2253458786,POINT (1173469.1663055897 -1306609.2253458786),91.27235412597656,6,161.4507321930887,32.454501,-87.514463,0
112,R345,1174224.6184470449,-1308814.1755966614,POINT (1174224.6184470449 -1308814.1755966614),83.83684539794922,1,31.36661248541806,-87.50946561501196,32.43228240036402,0
113,R29,1174353.3925845542,-1308672.6983844698,POINT (1174353.3925845542 -1308672.6983844698),81.64065551757812,2,31.46529053586287,32.4331842,-87.5095276,0
114,R197,1174242.6587856072,-1308922.4254054578,POINT (1174242.6587856072 -1308922.4254054578),85.99657440185547,6,82.39995456403746,32.430962,-87.507635,0
115,R240,1174206.0315470963,-1308715.92820911,POINT (1174206.0315470963 -1308715.92820911),84.00289154052734,5,77.44634440882702,32.4333762,-87.507917,0
116,R346,1174076.852939183,-1308847.296059141,POINT (1174076.852939183 -1308847.296059141),86.34559631347656,13,162.20105908358042,-87.51106668791257,32.432181181067726,0
117,R347,1174059.7147456708,-1308748.7782069338,POINT (1174059.7147456708 -1308748.7782069338),84.88970184326172,11,172.0899362417795,-87.51111306709535,32.4330834886695,0
118,R31,1172988.0148143622,-1309973.0348321574,POINT (1172988.0148143622 -1309973.0348321574),84.57620239257812,0,0.0,32.421044,-87.523911,-1
119,R348,1173003.7067936102,-1310071.7901843102,POINT (1173003.7067936102 -1310071.7901843102),82.46011352539062,1,49.31489329882653,-87.52403201444555,32.42265846413591,0
120,R349,1173461.6545955066,-1309908.3862836682,POINT (1173461.6545955066 -1309908.3862836682),82.3282699584961,0,0.0,-87.51898807163711,32.42351533098183,0
121,R350,1173362.6202420993,-1309922.244043861,POINT (1173362.6202420993 -1309922.244043861),81.39868927001953,0,0.0,-87.52004966268426,32.423521862904664,0
122,R351,1173263.5433259464,-1309935.8000272491,POINT (1173263.5433259464 -1309935.8000272491),80.93148803710938,0,0.0,-87.52111129108938,32.42353113437299,0
123,R352,1173164.4664097934,-1309949.3560106372,POINT (1173164.4664097934 -1309949.3560106372),81.77136993408203,1,4.524996847864312,-87.52217291907718,32.42354039450979,0
124,R33,1174225.3106806923,-1306881.7970975463,POINT (1174225.3106806923 -1306881.7970975463),86.1122055053711,3,49.71565763054832,32.450539,-87.506738,0
125,R34,1174355.8506470097,-1306861.15447909,POINT (1174355.8506470097 -1306861.15447909),86.52852630615234,1,88.53875251584738,32.45053,-87.505397,0
126,R72,1174188.7197205713,-1306471.15920858,POINT (1174188.7197205713 -1306471.15920858),82.61266326904297,0,0.0,32.452167,-87.506678,-1
127,R161,1174233.8091625995,-1307012.1849523378,POINT (1174233.8091625995 -1307012.1849523378),85.7713394165039,2,45.20733652390744,32.449537,-87.506827,0
128,R35,1174469.9171384247,-1306841.685527137,POINT (1174469.9171384247 -1306841.685527137),84.55490112304688,3,52.61306989386603,32.45051,-87.504219,0
129,R68,1174225.3106806923,-1306881.7970975463,POINT (1174225.3106806923 -1306881.7970975463),86.1122055053711,0,0.0,32.4495494,-87.505424,-1
130,R353,1174299.9910348202,-1306571.880192489,POINT (1174299.9910348202 -1306571.880192489),87.17825317382812,2,805.8136326972192,-87.50561823809845,32.45220605704683,0
131,R354,1174397.9520029023,-1306552.035103669,POINT (1174397.9520029023 -1306552.035103669),82.88690185546875,1,8.012600106468025,-87.50455941867612,32.452254231189215,0
132,R355,1174442.0295337515,-1306628.4669940302,POINT (1174442.0295337515 -1306628.4669940302),81.72538757324219,1,104.830983522525,-87.50419931188604,32.45151367150887,0
133,R71,1175430.5104704057,-1306675.1147156907,POINT (1175430.5104704057 -1306675.1147156907),70.47473907470703,2,91.14362880934671,32.449573,-87.5041961,0
134,R36,1173074.875986277,-1307510.9681264558,POINT (1173074.875986277 -1307510.9681264558),75.8372802734375,4,50.65719262792097,32.445431,-87.520193,0
135,R144,1173193.773668748,-1307492.5321487836,POINT (1173193.773668748 -1307492.5321487836),77.69786071777344,7,300.94071464865306,32.445433,-87.5198,0
136,R37,1172643.9918895788,-1306586.1817571952,POINT (1172643.9918895788 -1306586.1817571952),78.42313385009766,3,31.705554345578424,32.454258,-87.52308,0
137,R38,1172769.6709844915,-1306804.2921585622,POINT (1172769.6709844915 -1306804.2921585622),76.72566223144531,0,0.0,32.4538776,-87.5230598,0
138,R39,1172651.9354369217,-1306675.6069644133,POINT (1172651.9354369217 -1306675.6069644133),75.5792236328125,0,0.0,32.453449,-87.523118,-1
139,R356,1172790.1625340579,-1306706.4348658053,POINT (1172790.1625340579 -1306706.4348658053),78.03949737548828,5,67.1588312312799,-87.52170401735196,32.45299189295082,0
140,R357,1172787.9152145495,-1306607.2944266577,POINT (1172787.9152145495 -1306607.2944266577),78.6761245727539,7,120.79314922842188,-87.52159278678849,32.453880154113335,0
141,R40,1175420.832644107,-1307369.818485459,POINT (1175420.832644107 -1307369.818485459),81.58830261230469,6,117.94677946898962,32.4433724,-87.4959392,4
142,R358,1175376.106700668,-1307855.239322645,POINT (1175376.106700668 -1307855.239322645),83.18573760986328,6,81.44224184687909,-87.49603369463185,32.439328424212235,0
143,R359,1175363.1719697188,-1307756.0793875135,POINT (1175363.1719697188 -1307756.0793875135),79.21772766113281,1,12.155294803108779,-87.4960347566003,32.44023091753802,0
144,R360,1175350.2287421164,-1307656.9205611923,POINT (1175350.2287421164 -1307656.9205611923),80.64653778076172,3,32.03255684887946,-87.49603590760681,32.44113341133771,0
145,R361,1175337.2829843417,-1307557.7620650579,POINT (1175337.2829843417 -1307557.7620650579),82.47179412841797,14,195.45381189237628,-87.49603708375872,32.44203590469985,0
146,R255,1175387.461450208,-1307954.5686506715,POINT (1175387.461450208 -1307954.5686506715),84.72122192382812,3,38.366995153970784,32.4384265,-87.4960495,0
147,R136,1175290.239869251,-1307974.439841968,POINT (1175290.239869251 -1307974.439841968),83.98584747314453,2,44.08206883303632,32.4433697,-87.4971186,0
148,R113,1175489.0246807735,-1307935.6679263965,POINT (1175489.0246807735 -1307935.6679263965),88.22431182861328,2,41.8600884042457,32.443604,-87.494901,4
149,R362,1173715.555591141,-1308496.5338720968,POINT (1173715.555591141 -1308496.5338720968),78.61328887939453,3,40.87546619979608,-87.51439392037965,32.43578900080872,1
150,R363,1173814.013425314,-1308479.295758542,POINT (1173814.013425314 -1308479.295758542),81.61351776123047,4,58.01613403548488,-87.51333363949331,32.43581334578071,1
151,R262,1173974.882474734,-1308438.5993368987,POINT (1173974.882474734 -1308438.5993368987),84.39141845703125,0,0.0,32.4355972,-87.511417,-1
152,R146,1173578.5914483783,-1308622.7677317774,POINT (1173578.5914483783 -1308622.7677317774),74.97870635986328,0,0.0,32.434842,-87.516008,0
153,R45,1173242.3997010281,-1307037.9996317858,POINT (1173242.3997010281 -1307037.9996317858),81.96463012695312,0,0.0,32.4493754,-87.5182818,0
154,R166,1173242.3997010281,-1307037.9996317858,POINT (1173242.3997010281 -1307037.9996317858),81.96463012695312,0,0.0,32.4494361,-87.517392,0
155,R167,1172967.9956838717,-1307085.8214748844,POINT (1172967.9956838717 -1307085.8214748844),74.78763580322266,5,75.40832141465353,32.4493803,-87.5188286,0
156,R46,1172798.599353137,-1306481.4459768462,POINT (1172798.599353137 -1306481.4459768462),81.44477844238281,7,96.63860224956716,32.4554777,-87.5214069,0
157,R296,1172911.2947664543,-1306468.4605443412,POINT (1172911.2947664543 -1306468.4605443412),83.8333740234375,3,39.17711997755598,32.4549899,-87.521309,0
158,R272,1173557.9071326961,-1309882.9325660132,POINT (1173557.9071326961 -1309882.9325660132),83.76522827148438,0,0.0,32.4247904,-87.5188158,-1
159,R364,1173859.7722845587,-1307980.162554742,POINT (1173859.7722845587 -1307980.162554742),83.66397094726562,12,139.09376751385417,-87.51217239289355,32.440210267687576,0
160,R50,1173752.614971215,-1307980.9824295545,POINT (1173752.614971215 -1307980.9824295545),79.31517791748047,7,101.53914192592968,32.440064,-87.511132,0
161,R148,1173840.8861801815,-1307869.759614263,POINT (1173840.8861801815 -1307869.759614263),82.2889404296875,4,52.114238007496866,32.441255,-87.513311,0
162,R51,1173470.1088834174,-1308654.0952132777,POINT (1173470.1088834174 -1308654.0952132777),76.0376968383789,3,35.73968527617435,32.434465,-87.517203,0
163,R52,1173394.1426567605,-1308668.0880855883,POINT (1173394.1426567605 -1308668.0880855883),76.32958984375,1,15.595592206820852,32.434699,-87.517502,0
164,R92,1173488.7264123193,-1308776.8850680087,POINT (1173488.7264123193 -1308776.8850680087),77.81492614746094,3,32.79480346505771,32.433584,-87.517164,0
165,R100,1173581.2137930326,-1308640.858574483,POINT (1173581.2137930326 -1308640.858574483),75.2610092163086,0,0.0,32.434705,-87.517193,0
166,R78,1173430.1415493903,-1308959.9866163316,POINT (1173430.1415493903 -1308959.9866163316),81.72504425048828,1,10.839867444694882,32.43468,-87.518012,0
167,R53,1173413.1410662343,-1307274.860689141,POINT (1173413.1410662343 -1307274.860689141),83.98478698730469,4,214.66047040047627,32.447139,-87.5174,0
168,R54,1173274.2739246194,-1307290.5431948658,POINT (1173274.2739246194 -1307290.5431948658),82.0174331665039,6,112.14116391800735,32.448127,-87.517435,0
169,R176,1173153.794181631,-1307176.7139424437,POINT (1173153.794181631 -1307176.7139424437),74.92096710205078,10,132.9514719760484,32.447166,-87.518509,0
170,R122,1173413.1410662343,-1307274.860689141,POINT (1173413.1410662343 -1307274.860689141),83.98478698730469,0,0.0,32.4470963,-87.5159161,0
171,R365,1172773.0204828426,-1307115.9312788593,POINT (1172773.0204828426 -1307115.9312788593),72.64872741699219,0,0.0,-87.52244171927832,32.449357705396665,0
172,R168,1172967.9956838717,-1307085.8214748844,POINT (1172967.9956838717 -1307085.8214748844),74.78763580322266,0,0.0,32.449362,-87.52138,0
173,R57,1173525.5133087472,-1308272.2416583747,POINT (1173525.5133087472 -1308272.2416583747),75.05240631103516,3,55.35059644956639,32.437371,-87.519103,1
174,R366,1173426.2981961144,-1308284.4838290229,POINT (1173426.2981961144 -1308284.4838290229),74.4748764038086,0,0.0,-87.51715148441247,32.43806323660615,1
175,R367,1173333.305118015,-1308313.0650803286,POINT (1173333.305118015 -1308313.0650803286),74.72676086425781,5,76.40889587530359,-87.5181696741678,32.4379303690921,1
176,R58,1173536.7014675837,-1308353.6849445822,POINT (1173536.7014675837 -1308353.6849445822),73.21805572509766,6,81.00260160253015,32.438042,-87.51609,1
177,R202,1173499.9823144868,-1308051.1401052768,POINT (1173499.9823144868 -1308051.1401052768),80.66488647460938,2,28.93305874371848,32.439404,-87.51607,0
178,R81,1173578.5914483783,-1308622.7677317774,POINT (1173578.5914483783 -1308622.7677317774),74.97870635986328,0,0.0,32.4373,-87.516083,1
179,R108,1174413.0677445303,-1307598.2824650826,POINT (1174413.0677445303 -1307598.2824650826),84.2957534790039,4,174.11529491102726,32.44388,-87.505836,0
180,R60,1174566.984217224,-1307590.3951252508,POINT (1174566.984217224 -1307590.3951252508),83.10491180419922,2,111.10405274643692,32.4435667,-87.5046996,0
181,R61,1174535.0665282914,-1307472.0292660112,POINT (1174535.0665282914 -1307472.0292660112),83.6800765991211,2,84.93089928985694,32.4438585,-87.5043687,0
182,R251,1174508.3823968514,-1307508.6433557328,POINT (1174508.3823968514 -1307508.6433557328),83.3014144897461,0,0.0,32.4427595,-87.5041938,-1
183,R368,1172549.5477028973,-1306671.744702186,POINT (1172549.5477028973 -1306671.744702186),74.81365203857422,1,19.80989081120132,-87.5241911870486,32.45361815358971,0
184,R369,1172636.485183762,-1306721.0421868463,POINT (1172636.485183762 -1306721.0421868463),73.66270446777344,2,21.261134054973255,-87.52334255164875,32.45306359224429,0
185,R63,1173088.1548849496,-1307613.828729741,POINT (1173088.1548849496 -1307613.828729741),74.18168640136719,6,111.10510940698933,32.444497,-87.5198001,0
186,R64,1173503.228272004,-1309089.0843050645,POINT (1173503.228272004 -1309089.0843050645),81.28571319580078,0,0.0,32.430777,-87.517436,-1
187,R65,1173495.573343432,-1309021.0068814456,POINT (1173495.573343432 -1309021.0068814456),81.8044662475586,1,23.246637688599925,32.430768,-87.516891,0
188,R66,1173614.2786193474,-1308857.1532387405,POINT (1173614.2786193474 -1308857.1532387405),79.64563751220703,1,31.932348838575805,32.43077,-87.515882,0
189,R101,1173554.1459968828,-1309082.5895136886,POINT (1173554.1459968828 -1309082.5895136886),82.58560180664062,5,68.13973394346745,32.431395,-87.517424,0
190,R195,1173681.6293482028,-1309275.6866537207,POINT (1173681.6293482028 -1309275.6866537207),88.7015380859375,2,47.449737318454865,32.430624,-87.515878,0
191,R370,1173630.1132153198,-1308955.8916047644,POINT (1173630.1132153198 -1308955.8916047644),82.07695007324219,5,55.36601726647733,-87.51591869456642,32.43179943807794,1
192,R280,1173555.5379737862,-1308862.9201197254,POINT (1173555.5379737862 -1308862.9201197254),80.20972442626953,6,61.365812945803526,32.432702,-87.5159511,1
193,R265,1173633.3480132786,-1308183.8398996736,POINT (1173633.3480132786 -1308183.8398996736),79.95498657226562,4,76.1230325265819,32.4393487,-87.5146517,0
194,R140,1174419.306742477,-1306957.5556632162,POINT (1174419.306742477 -1306957.5556632162),87.3894271850586,1,18.94070695758441,32.4495602,-87.5048456,0
195,R69,1173731.0331399231,-1309578.4752757458,POINT (1173731.0331399231 -1309578.4752757458),90.53459167480469,0,0.0,32.426166,-87.514617,-1
196,R90,1173403.3547642098,-1309600.3281669223,POINT (1173403.3547642098 -1309600.3281669223),83.94186401367188,3,27.957213142054798,32.426416,-87.515705,0
197,R371,1175332.0057027147,-1306692.342911828,POINT (1175332.0057027147 -1306692.342911828),68.8080062866211,0,0.0,-87.49491285973714,32.44977052257712,0
198,R372,1175233.5009350237,-1306709.5711079654,POINT (1175233.5009350237 -1306709.5711079654),68.62120819091797,0,0.0,-87.49597381820114,32.44974653379743,0
199,R373,1175134.9961673326,-1306726.7993041028,POINT (1175134.9961673326 -1306726.7993041028),67.56201171875,0,0.0,-87.49703477539173,32.44972253366098,0
200,R374,1175036.4913996418,-1306744.02750024,POINT (1175036.4913996418 -1306744.02750024),69.7308120727539,0,0.0,-87.49809573130868,32.449698522167814,0
201,R375,1174937.926930435,-1306760.9101831382,POINT (1174937.926930435 -1306760.9101831382),72.76437377929688,0,0.0,-87.49915684379981,32.44967766322466,0
202,R376,1174839.4107185286,-1306778.0710574016,POINT (1174839.4107185286 -1306778.0710574016),76.15017700195312,4,328.30941989063973,-87.50021782598934,32.44965424524489,0
203,R377,1174740.9247621747,-1306795.4064662808,POINT (1174740.9247621747 -1306795.4064662808),78.60211944580078,0,0.0,-87.5012787261153,32.449629217545066,0
204,R378,1174642.4387426798,-1306812.7415164404,POINT (1174642.4387426798 -1306812.7415164404),80.69551086425781,2,405.58525609261153,-87.50233962511761,32.449604181774866,0
205,R199,1174469.9171384247,-1306841.685527137,POINT (1174469.9171384247 -1306841.685527137),84.55490112304688,0,0.0,32.4497945,-87.4938519,-1
206,R116,1174042.9432229656,-1306527.3747276107,POINT (1174042.9432229656 -1306527.3747276107),87.02134704589844,0,0.0,32.453252,-87.506653,0
207,R379,1173993.5169436587,-1309007.544311832,POINT (1173993.5169436587 -1309007.544311832),86.48246002197266,0,0.0,-87.51216231384147,32.43085989441851,0
208,R196,1173869.3553475419,-1308967.6136713128,POINT (1173869.3553475419 -1308967.6136713128),86.60777282714844,3,62.08073292627997,32.430708,-87.513205,0
209,R74,1172813.2232319897,-1308754.5551134087,POINT (1172813.2232319897 -1308754.5551134087),70.80877685546875,0,0.0,32.434671,-87.523316,0
210,R75,1172899.9968050828,-1308741.8878712414,POINT (1172899.9968050828 -1308741.8878712414),71.28938293457031,4,95.72647787306455,32.433935,-87.523315,0
211,R380,1173295.2552082743,-1308682.9266663042,POINT (1173295.2552082743 -1308682.9266663042),75.43458557128906,0,0.0,-87.51907352204988,32.434677597221125,0
212,R381,1173196.392453991,-1308697.9651441365,POINT (1173196.392453991 -1308697.9651441365),74.6487045288086,2,41.383813310989964,-87.5201350552315,32.434673365540284,0
213,R382,1173097.437386422,-1308712.3770841581,POINT (1173097.437386422 -1308712.3770841581),72.82612609863281,1,4.627538522740366,-87.52119670763985,32.434674838915484,0
214,R230,1172899.9968050828,-1308741.8878712414,POINT (1172899.9968050828 -1308741.8878712414),71.28938293457031,0,0.0,32.434672,-87.524247,-1
215,R76,1173586.4845124206,-1308673.934472037,POINT (1173586.4845124206 -1308673.934472037),75.19345092773438,1,9.700918838084952,32.4334036,-87.5133455,1
216,R383,1173685.7872043664,-1308663.3350544083,POINT (1173685.7872043664 -1308663.3350544083),78.78083038330078,1,17.752794829489126,-87.51493437544288,32.43433866842044,1
217,R384,1173781.5185609104,-1308666.923057391,POINT (1173781.5185609104 -1308666.923057391),82.34996795654297,1,13.694954505139304,-87.51393116537984,32.43418063453962,1
218,R261,1173601.1399534417,-1308768.9876076193,POINT (1173601.1399534417 -1308768.9876076193),76.98278045654297,1,46.53432241825553,32.4343747,-87.5159945,0
219,R77,1173394.1426567605,-1308668.0880855883,POINT (1173394.1426567605 -1308668.0880855883),76.32958984375,0,0.0,32.432026,-87.51803,-1
220,R385,1173405.6459111175,-1308767.400376546,POINT (1173405.6459111175 -1308767.400376546),78.11310577392578,3,55.25030588132128,-87.51802596716861,32.433778013240214,0
221,R386,1174057.1628773517,-1307003.8619376884,POINT (1174057.1628773517 -1307003.8619376884),87.96875762939453,1,26.242819385542592,-87.50876422705186,32.44866844265016,0
222,R80,1174074.4536440084,-1306905.388819543,POINT (1174074.4536440084 -1306905.388819543),87.2508544921875,6,121.1946925812635,32.449525,-87.508448,0
223,R173,1174170.9148230369,-1307027.2279746237,POINT (1174170.9148230369 -1307027.2279746237),86.24241638183594,6,74.87960295351475,32.447401,-87.507896,0
224,R82,1173536.7014675837,-1308353.6849445822,POINT (1173536.7014675837 -1308353.6849445822),73.21805572509766,0,0.0,32.43719,-87.515572,-1
225,R387,1173561.4913753641,-1308524.2468851304,POINT (1173561.4913753641 -1308524.2468851304),74.76276397705078,1,8.669025321261863,-87.51605402319073,32.435744282100536,1
226,R83,1174591.2154461518,-1307011.7633002389,POINT (1174591.2154461518 -1307011.7633002389),81.3867416381836,1,91.67937475047842,32.4478945,-87.5031503,0
227,R84,1174435.986853632,-1307154.70220596,POINT (1174435.986853632 -1307154.70220596),86.08892822265625,1,12.86090482856803,32.4479688,-87.5049292,0
228,R139,1174556.8534922418,-1306930.8817001886,POINT (1174556.8534922418 -1306930.8817001886),83.1166000366211,4,116.1127751565538,32.448605,-87.504887,0
229,R238,1174250.095041849,-1307178.6374662258,POINT (1174250.095041849 -1307178.6374662258),85.37129974365234,4,78.43807281587361,32.4468226,-87.5049799,0
230,R86,1173508.037199595,-1308122.2948305244,POINT (1173508.037199595 -1308122.2948305244),80.56610870361328,4,62.88147693385139,32.44005,-87.516058,0
231,R288,1173376.8809163743,-1307995.6509087966,POINT (1173376.8809163743 -1307995.6509087966),78.14144897460938,3,50.30394860685525,32.4405602,-87.5160472,0
232,R87,1173499.9823144868,-1308051.1401052768,POINT (1173499.9823144868 -1308051.1401052768),80.66488647460938,0,0.0,32.440054,-87.515382,-1
233,R88,1173856.0737072125,-1307757.3271373396,POINT (1173856.0737072125 -1307757.3271373396),87.72139739990234,4,59.466460755891816,32.442205,-87.511908,3
234,R89,1173738.8372395006,-1307880.9950240506,POINT (1173738.8372395006 -1307880.9950240506),78.14275360107422,0,0.0,32.442293,-87.513284,-1
235,R388,1173955.395124781,-1307747.879366136,POINT (1173955.395124781 -1307747.879366136),86.740966796875,5,72.97213928208973,-87.51084914560312,32.44215861184136,3
236,R389,1174020.5432696207,-1307701.8147101132,POINT (1174020.5432696207 -1307701.8147101132),85.95719146728516,0,0.0,-87.5101003276123,32.4424841834888,-1
237,R390,1173961.3995791057,-1307659.9852311432,POINT (1173961.3995791057 -1307659.9852311432),85.24507141113281,1,7.786849736917992,-87.51066624397227,32.44293557566978,3
238,R391,1173878.7616379035,-1307671.1702995636,POINT (1173878.7616379035 -1307671.1702995636),86.29727172851562,1,18.255406257612012,-87.51155177161351,32.442944489653996,3
239,R392,1173977.8337413995,-1307657.5958289749,POINT (1173977.8337413995 -1307657.5958289749),85.25955200195312,3,38.69404798959757,-87.51048991484417,32.442935275712394,3
240,R393,1174022.4510580676,-1307718.3117182136,POINT (1174022.4510580676 -1307718.3117182136),86.13372802734375,1,14.295735096475928,-87.51010269737544,32.44233435839514,3
241,R93,1173825.882578452,-1307676.5569457246,POINT (1173825.882578452 -1307676.5569457246),86.97080993652344,3,38.597518043711545,32.442965,-87.513265,0
242,R273,1173526.2064420423,-1309486.707833363,POINT (1173526.2064420423 -1309486.707833363),84.54273986816406,1,14.93317530825179,32.4271338,-87.5157366,0
243,R394,1173501.7630399724,-1309582.737682897,POINT (1173501.7630399724 -1309582.737682897),85.17729187011719,5,75.41098053886505,-87.51812288782858,32.42637061406925,0
244,R395,1173600.3595931337,-1309566.055205391,POINT (1173600.3595931337 -1309566.055205391),86.69136810302734,4,75.83240269073076,-87.51706202688159,32.42638986057233,0
245,R91,1173726.4598790372,-1309544.5465913354,POINT (1173726.4598790372 -1309544.5465913354),89.77168273925781,0,0.0,32.426343,-87.519183,-1
246,R95,1173701.9218846874,-1307504.0742037855,POINT (1173701.9218846874 -1307504.0742037855),79.77661895751953,0,0.0,32.443576,-87.51324,0
247,R94,1173718.8354383323,-1307692.4488397476,POINT (1173718.8354383323 -1307692.4488397476),82.83867645263672,4,55.874231345409804,32.442966,-87.512116,0
248,R96,1173712.4863283215,-1307624.9617407545,POINT (1173712.4863283215 -1307624.9617407545),80.70172119140625,1,35.149774193691265,32.443317,-87.512915,0
249,R266,1173509.5698230204,-1307495.4034247773,POINT (1173509.5698230204 -1307495.4034247773),77.8440170288086,1,531.5293509892618,32.4446694,-87.5131867,0
250,R97,1175166.0920592186,-1308859.6245061632,POINT (1175166.0920592186 -1308859.6245061632),79.87112426757812,2,32.72130229400802,32.426965,-87.500369,0
251,R396,1175161.646812144,-1308959.5256561988,POINT (1175161.646812144 -1308959.5256561988),79.66866302490234,1,14.262491686350586,-87.49979669414212,32.429750277900915,0
252,R397,1175157.3771895494,-1309059.4342563413,POINT (1175157.3771895494 -1309059.4342563413),79.04737091064453,2,23.829687692546592,-87.49997774332624,32.42886375654856,0
253,R398,1175153.3459455306,-1309159.3529686613,POINT (1175153.3459455306 -1309159.3529686613),78.3943099975586,5,57.229319209403045,-87.50015629046459,32.42797682949949,0
254,R259,1175166.0920592186,-1308859.6245061632,POINT (1175166.0920592186 -1308859.6245061632),79.87112426757812,0,0.0,32.4306365,-87.4996138,0
255,R98,1175188.111432664,-1308429.5357754556,POINT (1175188.111432664 -1308429.5357754556),82.58665466308594,2,50.019971298650916,32.433844,-87.498971,0
256,R210,1175057.5355876226,-1308444.2126506164,POINT (1175057.5355876226 -1308444.2126506164),84.44210815429688,2,21.353865288650006,32.434486,-87.499793,0
257,R399,1175170.1655220876,-1308759.7075625912,POINT (1175170.1655220876 -1308759.7075625912),80.40020751953125,0,0.0,-87.49943479336204,32.431523351699944,0
258,R400,1175174.2040767188,-1308659.7891454876,POINT (1175174.2040767188 -1308659.7891454876),80.9316635131836,2,32.682090302873306,-87.49925614653345,32.43241026125172,0
259,R99,1175094.6658580822,-1308439.0697260692,POINT (1175094.6658580822 -1308439.0697260692),84.1504135131836,3,41.062531856434184,32.434448,-87.498796,0
260,R201,1173581.2137930326,-1308640.858574483,POINT (1173581.2137930326 -1308640.858574483),75.2610092163086,0,0.0,32.434677,-87.516005,0
261,R102,1173778.1212687304,-1306950.8740697985,POINT (1173778.1212687304 -1306950.8740697985),90.35396575927734,0,0.0,32.448484,-87.511642,-1
262,R152,1173545.762286706,-1307107.863187903,POINT (1173545.762286706 -1307107.863187903),87.67471313476562,7,197.39444429240118,32.448452,-87.512983,2
263,R178,1173686.872240615,-1307201.2885837578,POINT (1173686.872240615 -1307201.2885837578),90.22057342529297,8,227.7452019224398,32.447429,-87.511648,0
264,R104,1173806.0877651796,-1307179.682480764,POINT (1173806.0877651796 -1307179.682480764),89.18881225585938,6,161.16329610923205,32.447349,-87.510154,0
265,R105,1174250.095041849,-1307178.6374662258,POINT (1174250.095041849 -1307178.6374662258),85.37129974365234,0,0.0,32.446427,-87.50897,0
266,R106,1173974.958743796,-1307383.068848514,POINT (1173974.958743796 -1307383.068848514),89.10343170166016,1,26.862123096272,32.4463366,-87.5088456,0
267,R401,1174189.517972983,-1307246.7141947025,POINT (1174189.517972983 -1307246.7141947025),87.08067321777344,0,0.0,-87.50770101231818,32.44632557704449,-1
268,R239,1174435.986853632,-1307154.70220596,POINT (1174435.986853632 -1307154.70220596),86.08892822265625,0,0.0,32.4468537,-87.5069703,0
269,R107,1174235.2152198968,-1307366.2936493575,POINT (1174235.2152198968 -1307366.2936493575),86.36077880859375,2,45.4242509415315,32.4454598,-87.5076784,0
270,R402,1173991.901717765,-1307288.1287145019,POINT (1173991.901717765 -1307288.1287145019),89.50428009033203,0,0.0,-87.50983868074391,32.446215975480065,0
271,R263,1173928.6181749015,-1307388.467893219,POINT (1173928.6181749015 -1307388.467893219),89.04930877685547,4,61.53937027450874,32.4453905,-87.5101464,0
272,R252,1174398.0447930375,-1307489.8326903041,POINT (1174398.0447930375 -1307489.8326903041),83.9338607788086,3,99.21691691918983,32.4451976,-87.5073826,0
273,R403,1174322.850822333,-1307333.050532006,POINT (1174322.850822333 -1307333.050532006),85.18568420410156,1,153.0991541005019,-87.50641436832197,32.44537903533309,0
274,R404,1174313.9284579277,-1307427.9605525304,POINT (1174313.9284579277 -1307427.9605525304),84.72994995117188,0,0.0,-87.50663760648325,32.444543277167156,0
275,R160,1174398.0447930375,-1307489.8326903041,POINT (1174398.0447930375 -1307489.8326903041),83.9338607788086,0,0.0,32.4428918,-87.5058255,-1
276,R405,1173702.7885983812,-1306301.84233472,POINT (1173702.7885983812 -1306301.84233472),89.54129791259766,5,92.8564543266245,-87.5115406230324,32.455403786281636,0
277,R133,1173713.9870622025,-1306401.2133285163,POINT (1173713.9870622025 -1306401.2133285163),89.42543029785156,0,0.0,32.4545017,-87.511558,-1
278,R111,1173013.5951063507,-1306546.5149414001,POINT (1173013.5951063507 -1306546.5149414001),86.16410827636719,4,42.63502804875385,32.4535974,-87.5187599,0
279,R185,1173469.1663055897,-1306609.2253458786,POINT (1173469.1663055897 -1306609.2253458786),91.27235412597656,0,0.0,32.452868,-87.517997,0
280,R112,1173055.8616764431,-1306599.4826450117,POINT (1173055.8616764431 -1306599.4826450117),85.51802825927734,7,153.48343327544643,32.4544058,-87.5176938,0
281,R186,1172927.1960925797,-1306563.3879937993,POINT (1172927.1960925797 -1306563.3879937993),82.93720245361328,2,27.64480024064048,32.454126,-87.519133,0
282,R406,1174444.0969680753,-1307254.338346371,POINT (1174444.0969680753 -1307254.338346371),85.39010620117188,1,19.462216956291602,-87.50503021517405,32.44592221059848,4
283,R407,1174530.925032726,-1307281.5561800906,POINT (1174530.925032726 -1307281.5561800906),84.2414321899414,4,49.41063559332869,-87.50415284077783,32.44556479688503,4
284,R408,1174630.8852404063,-1307281.6088818524,POINT (1174630.8852404063 -1307281.6088818524),80.59614562988281,5,68.76089015172911,-87.50310015940926,32.445432648075496,4
285,R409,1174730.7169200366,-1307275.9433983485,POINT (1174730.7169200366 -1307275.9433983485),78.76380157470703,2,42.28306868626112,-87.5020410431081,32.44535171821709,4
286,R410,1174830.6033191725,-1307271.178184013,POINT (1174830.6033191725 -1307271.178184013),77.19608306884766,3,106.94020000695573,-87.50098257867732,32.445262666116605,4
287,R411,1174930.479817285,-1307266.211811585,POINT (1174930.479817285 -1307266.211811585),76.12409973144531,2,52.42322734096928,-87.49992394600172,32.44517541212726,4
288,R412,1175030.3506358864,-1307261.130513337,POINT (1175030.3506358864 -1307261.130513337),72.36775207519531,4,52.126644206058174,-87.49886521807753,32.44508918067024,4
289,R413,1175130.2830550105,-1307257.4554722174,POINT (1175130.2830550105 -1307257.4554722174),72.30268859863281,0,0.0,-87.4978077596483,32.444990299761244,-1
290,R414,1175230.214935394,-1307253.7650409434,POINT (1175230.214935394 -1307253.7650409434),75.89071655273438,0,0.0,-87.49675028777213,32.44489154584701,-1
291,R415,1175330.1564868884,-1307250.4056678175,POINT (1175330.1564868884 -1307250.4056678175),76.46625518798828,2,37.11652767869514,-87.49569316719922,32.44478981189308,0
292,R416,1175479.7390184829,-1307836.3308792282,POINT (1175479.7390184829 -1307836.3308792282),85.13056182861328,6,66.01993231913697,-87.49491658275979,32.439360664903674,0
293,R417,1175466.0446870506,-1307737.272990665,POINT (1175466.0446870506 -1307737.272990665),82.33948516845703,5,92.91064656593987,-87.4949257708966,32.440263247709964,0
294,R418,1175451.351297504,-1307638.3591547208,POINT (1175451.351297504 -1307638.3591547208),82.46650695800781,4,49.060596307331174,-87.49494567480284,32.441165860350544,0
295,R419,1175436.6250946869,-1307539.4500624305,POINT (1175436.6250946869 -1307539.4500624305),82.47332763671875,8,101.39793180020975,-87.49496592919748,32.442068473078926,0
296,R256,1175489.0246807735,-1307935.6679263965,POINT (1175489.0246807735 -1307935.6679263965),88.22431182861328,0,0.0,32.4384614,-87.4949542,0
297,R114,1173906.811657599,-1306665.7522953823,POINT (1173906.811657599 -1306665.7522953823),87.76937866210938,3,97.69795469550482,32.452284,-87.508842,0
298,R420,1174019.077498166,-1306753.1282022162,POINT (1174019.077498166 -1306753.1282022162),86.98565673828125,7,243.54877559026872,-87.50882386183845,32.45095754461223,0
299,R115,1173931.50279641,-1306867.7196949366,POINT (1173931.50279641 -1306867.7196949366),87.88175964355469,0,0.0,32.450055,-87.5088183,0
300,R130,1174042.9432229656,-1306527.3747276107,POINT (1174042.9432229656 -1306527.3747276107),87.02134704589844,0,0.0,32.452942,-87.508265,0
301,R118,1173931.50279641,-1306867.7196949366,POINT (1173931.50279641 -1306867.7196949366),87.88175964355469,0,0.0,32.4518856,-87.5098873,-1
302,R182,1174032.4214052216,-1306852.2339038497,POINT (1174032.4214052216 -1306852.2339038497),87.08869934082031,7,182.17512587929124,32.4500641,-87.5079711,0
303,R181,1173939.3874033336,-1306926.2013072623,POINT (1173939.3874033336 -1306926.2013072623),88.34310913085938,4,60.05987028662102,32.4500496,-87.5099023,0
304,R421,1174965.1263578243,-1305800.9675385358,POINT (1174965.1263578243 -1305800.9675385358),65.97953796386719,2,46.581190428379685,-87.4975617026779,32.45821349178511,0
305,R422,1174894.6967526653,-1305871.9524700954,POINT (1174894.6967526653 -1305871.9524700954),67.2679672241211,0,0.0,-87.49840033792117,32.45767246837775,-1
306,R423,1174822.0928839985,-1305940.7113637878,POINT (1174822.0928839985 -1305940.7113637878),66.76890563964844,0,0.0,-87.49925882811058,32.45715417942723,-1
307,R424,1174748.5462369989,-1306008.4670835722,POINT (1174748.5462369989 -1306008.4670835722),68.13910675048828,0,0.0,-87.50012586929073,32.456646082306406,-1
308,R425,1174674.9387533474,-1306076.1571001958,POINT (1174674.9387533474 -1306076.1571001958),70.57047271728516,0,0.0,-87.50099344997123,32.456138643697145,-1
309,R426,1174601.331269696,-1306143.8471168194,POINT (1174601.331269696 -1306143.8471168194),73.8675308227539,0,0.0,-87.5018610189245,32.45563119674149,-1
310,R427,1174528.179003852,-1306212.0286656257,POINT (1174528.179003852 -1306212.0286656257),77.16084289550781,0,0.0,-87.50272445125967,32.45511875261089,-1
311,R428,1174454.9427552982,-1306280.1201621413,POINT (1174454.9427552982 -1306280.1201621413),76.72648620605469,0,0.0,-87.50358863366765,32.454607214951125,-1
312,R429,1174380.9145250106,-1306347.3418643158,POINT (1174380.9145250106 -1306347.3418643158),78.37094116210938,0,0.0,-87.50445996089536,32.45410447905072,-1
313,R430,1174300.9453608273,-1306407.2720084947,POINT (1174300.9453608273 -1306407.2720084947),81.9404525756836,0,0.0,-87.50538391615092,32.453674669867766,-1
314,R231,1174188.7197205713,-1306471.15920858,POINT (1174188.7197205713 -1306471.15920858),82.61266326904297,0,0.0,32.458776,-87.496743,-1
315,R117,1173880.7119017905,-1306683.229507074,POINT (1173880.7119017905 -1306683.229507074),87.44161224365234,1,12.288524865363264,32.4511223,-87.5116017,0
316,R212,1173750.3640456644,-1306708.2711484518,POINT (1173750.3640456644 -1306708.2711484518),89.0445556640625,5,117.23694227929111,32.4517119,-87.511593,0
317,R217,1173778.1212687304,-1306950.8740697985,POINT (1173778.1212687304 -1306950.8740697985),90.35396575927734,0,0.0,32.4505657,-87.5116076,0
318,R246,1173880.7119017905,-1306683.229507074,POINT (1173880.7119017905 -1306683.229507074),87.44161224365234,0,0.0,32.4517639,-87.510186,0
319,R431,1173919.350580417,-1306768.460828903,POINT (1173919.350580417 -1306768.460828903),87.63133239746094,3,132.1508684294636,-87.50989511365981,32.45095194375718,0
320,R119,1173380.429377169,-1307591.749484421,POINT (1173380.429377169 -1307591.749484421),78.25221252441406,6,457.04754821493225,32.444287,-87.515968,0
321,R269,1173509.5698230204,-1307495.4034247773,POINT (1173509.5698230204 -1307495.4034247773),77.8440170288086,0,0.0,32.4445748,-87.5159642,0
322,R432,1173474.2845842915,-1307819.5870016317,POINT (1173474.2845842915 -1307819.5870016317),73.37854766845703,2,43.42398958587056,-87.51601352122712,32.44215154562856,0
323,R433,1173463.3022677102,-1307720.191967425,POINT (1173463.3022677102 -1307720.191967425),73.56401062011719,4,67.32436589015322,-87.51599391347614,32.443053576658194,0
324,R287,1173485.3068449737,-1307918.9776891142,POINT (1173485.3068449737 -1307918.9776891142),77.52812957763672,4,88.08191020622837,32.4412495,-87.5160327,0
325,R227,1173361.4313813094,-1307468.0960591717,POINT (1173361.4313813094 -1307468.0960591717),81.5212173461914,4,60.506481590151544,32.4443096,-87.5166919,0
326,R120,1173361.4313813094,-1307468.0960591717,POINT (1173361.4313813094 -1307468.0960591717),81.5212173461914,0,0.0,32.445413,-87.515951,0
327,R121,1173502.557683847,-1307367.015737003,POINT (1173502.557683847 -1307367.015737003),79.7485580444336,3,49.12246571135707,32.44614,-87.515935,0
328,R290,1173380.429377169,-1307591.749484421,POINT (1173380.429377169 -1307591.749484421),78.25221252441406,0,0.0,32.4454388,-87.5167237,-1
329,R434,1173284.6158129675,-1307404.9901359817,POINT (1173284.6158129675 -1307404.9901359817),81.64532470703125,2,37.170781071062535,-87.51744683123968,32.446103403954524,0
330,R171,1173170.5604356942,-1307302.8018036566,POINT (1173170.5604356942 -1307302.8018036566),77.18548583984375,7,102.19503812177427,32.446069,-87.518507,0
331,R268,1173509.5698230204,-1307495.4034247773,POINT (1173509.5698230204 -1307495.4034247773),77.8440170288086,0,0.0,32.4461557,-87.5150998,0
332,R123,1173439.743558527,-1307241.8575586574,POINT (1173439.743558527 -1307241.8575586574),83.56765747070312,0,0.0,32.447446,-87.51588,0
333,R124,1173279.1118299637,-1307036.4307894912,POINT (1173279.1118299637 -1307036.4307894912),83.12979125976562,1,49.411916192402636,32.448387,-87.5158069,0
334,R175,1173411.5382630387,-1307235.9357086783,POINT (1173411.5382630387 -1307235.9357086783),83.60963439941406,0,0.0,32.447356,-87.515591,-1
335,R125,1173373.4514771518,-1306901.5613503964,POINT (1173373.4514771518 -1306901.5613503964),86.1557846069336,4,62.930390804501215,32.449413,-87.51583,2
336,R194,1173565.413876534,-1307222.439505299,POINT (1173565.413876534 -1307222.439505299),86.33164978027344,2,23.510974482135985,32.448413,-87.514292,0
337,R435,1173289.4930721363,-1307135.8630674153,POINT (1173289.4930721363 -1307135.8630674153),81.61756896972656,7,108.37249315920117,-87.51702919343225,32.44850023249654,0
338,R165,1173279.1118299637,-1307036.4307894912,POINT (1173279.1118299637 -1307036.4307894912),83.12979125976562,0,0.0,32.4494018,-87.5170032,0
339,R245,1173443.7081220346,-1306889.86290576,POINT (1173443.7081220346 -1306889.86290576),89.86903381347656,6,708.2455086304033,32.4494292,-87.5150541,0
340,R126,1173355.983552776,-1306778.5998973956,POINT (1173355.983552776 -1306778.5998973956),87.73096466064453,4,141.70370432165217,32.450482,-87.515826,2
341,R244,1173460.322624194,-1307006.6564547727,POINT (1173460.322624194 -1307006.6564547727),88.34312438964844,13,366.13675808891236,32.450494,-87.5150701,0
342,R127,1173289.3112313626,-1306798.851540918,POINT (1173289.3112313626 -1306798.851540918),85.50513458251953,3,154.83483927788473,32.451603,-87.5158426,0
343,R205,1173470.6757781622,-1306621.343728912,POINT (1173470.6757781622 -1306621.343728912),91.42208099365234,3,103.77639831543937,32.451628,-87.514399,0
344,R183,1173217.6798687056,-1306741.6451820347,POINT (1173217.6798687056 -1306741.6451820347),83.15444946289062,2,66.2509309907937,32.4515099,-87.5165724,0
345,R128,1173416.074249281,-1306228.6150675002,POINT (1173416.074249281 -1306228.6150675002),87.55560302734375,0,0.0,32.4573559,-87.5145316,0
346,R436,1173343.5836424308,-1305987.5824360247,POINT (1173343.5836424308 -1305987.5824360247),89.70134735107422,0,0.0,-87.51489627128929,32.45868284547383,0
347,R241,1173396.4070576334,-1306128.3966971294,POINT (1173396.4070576334 -1306128.3966971294),87.8363037109375,1,28.2577004423764,32.4592877,-87.5143017,0
348,R437,1173337.2354368689,-1306012.0590094626,POINT (1173337.2354368689 -1306012.0590094626),88.53328704833984,0,0.0,-87.51499646803184,32.45847263411418,-1
349,R129,1173396.4070576334,-1306128.3966971294,POINT (1173396.4070576334 -1306128.3966971294),87.8363037109375,0,0.0,32.45929,-87.515463,-1
350,R208,1173422.7591318265,-1306279.3003206218,POINT (1173422.7591318265 -1306279.3003206218),89.46123504638672,1,27.745388663399837,32.4564351,-87.5144609,0
351,R232,1174005.2961443702,-1306430.816209775,POINT (1174005.2961443702 -1306430.816209775),88.12395477294922,3,113.1682009094869,32.4529126,-87.5085099,0
352,R207,1173469.1663055897,-1306609.2253458786,POINT (1173469.1663055897 -1306609.2253458786),91.27235412597656,0,0.0,32.4529665,-87.5144199,0
353,R156,1173734.9078538776,-1306581.1603722377,POINT (1173734.9078538776 -1306581.1603722377),88.86329650878906,3,76.57688385685664,32.452855,-87.513152,0
354,R218,1173734.9078538776,-1306581.1603722377,POINT (1173734.9078538776 -1306581.1603722377),88.86329650878906,0,0.0,32.4528673,-87.5115827,-1
355,R134,1172798.599353137,-1306481.4459768462,POINT (1172798.599353137 -1306481.4459768462),81.44477844238281,0,0.0,32.4549405,-87.5242266,-1
356,R438,1172699.8365486048,-1306497.103707086,POINT (1172699.8365486048 -1306497.103707086),79.55230712890625,3,31.14304655519464,-87.52237058283814,32.454979995775865,0
357,R135,1172927.1960925797,-1306563.3879937993,POINT (1172927.1960925797 -1306563.3879937993),82.93720245361328,0,0.0,32.4549576,-87.5201043,0
358,R189,1172595.7349413035,-1306052.4042170881,POINT (1172595.7349413035 -1306052.4042170881),78.7018051147461,0,0.0,32.456035,-87.520114,0
359,R223,1172931.3936411957,-1306600.2845283744,POINT (1172931.3936411957 -1306600.2845283744),82.1513442993164,4,54.565509352418985,32.454089,-87.520066,0
360,R439,1175118.5348955132,-1307573.241195001,POINT (1175118.5348955132 -1307573.241195001),77.7979736328125,4,52.27500416937706,-87.49836186912134,32.442185987078666,0
361,R440,1175106.452289152,-1307473.9766396927,POINT (1175106.452289152 -1307473.9766396927),74.10643768310547,0,0.0,-87.49835383368772,32.44308829022236,0
362,R228,1175217.542628958,-1307426.0658304698,POINT (1175217.542628958 -1307426.0658304698),74.86994171142578,4,59.89979688276161,32.441287,-87.498432,0
363,R441,1175278.999794452,-1307875.1296091955,POINT (1175278.999794452 -1307875.1296091955),79.67586517333984,3,35.91154857309809,-87.49708342463097,32.43927880332882,0
364,R442,1175265.440564301,-1307776.053137328,POINT (1175265.440564301 -1307776.053137328),77.634765625,1,25.729639805205267,-87.497091188526,32.44018137502781,0
365,R443,1175251.8813341502,-1307676.9766654603,POINT (1175251.8813341502 -1307676.9766654603),76.28309631347656,1,16.64180087279744,-87.49709895061491,32.44108394590881,0
366,R444,1175238.3221039996,-1307577.9001935928,POINT (1175238.3221039996 -1307577.9001935928),76.0294418334961,2,24.540057060592503,-87.49710671089763,32.441986515971855,0
367,R254,1175290.239869251,-1307974.439841968,POINT (1175290.239869251 -1307974.439841968),83.98584747314453,0,0.0,32.4383772,-87.4971004,0
368,R137,1173734.9078538776,-1306581.1603722377,POINT (1173734.9078538776 -1306581.1603722377),88.86329650878906,0,0.0,32.4528749,-87.5104719,0
369,R141,1174020.544772876,-1306533.9702586832,POINT (1174020.544772876 -1306533.9702586832),87.05164337158203,2,85.11222515440068,32.452892,-87.509288,0
370,R138,1173838.2889492882,-1306565.066982106,POINT (1173838.2889492882 -1306565.066982106),88.0673599243164,9,198.2403367833125,32.4542612,-87.510491,0
371,R193,1174419.306742477,-1306957.5556632162,POINT (1174419.306742477 -1306957.5556632162),87.3894271850586,0,0.0,32.448662,-87.503402,-1
372,R142,1173948.3452090472,-1306546.9240109872,POINT (1173948.3452090472 -1306546.9240109872),87.23153686523438,3,89.98014665877136,32.453859,-87.509441,0
373,R143,1173074.875986277,-1307510.9681264558,POINT (1173074.875986277 -1307510.9681264558),75.8372802734375,0,0.0,32.4454412,-87.5185227,0
374,R445,1173207.6387570098,-1306845.7404842852,POINT (1173207.6387570098 -1306845.7404842852),81.82305908203125,9,189.81921675639768,-87.51749644412892,32.45119866867867,2
375,R221,1172955.3907143904,-1306784.547617457,POINT (1172955.3907143904 -1306784.547617457),80.20249938964844,0,0.0,32.452061,-87.519624,-1
376,R234,1173741.1291228689,-1308100.035481627,POINT (1173741.1291228689 -1308100.035481627),84.22632598876953,0,0.0,32.439165,-87.512462,-1
377,R158,1173738.8372395006,-1307880.9950240506,POINT (1173738.8372395006 -1307880.9950240506),78.14275360107422,0,0.0,32.441221,-87.512221,-1
378,R149,1173796.7038622636,-1307320.824458297,POINT (1173796.7038622636 -1307320.824458297),89.32044982910156,2,65.9027803492985,32.446199,-87.513031,0
379,R150,1173568.071767732,-1307278.2644568642,POINT (1173568.071767732 -1307278.2644568642),83.10619354248047,0,0.0,32.446768,-87.513002,2
380,R203,1173583.045529099,-1307409.5439760846,POINT (1173583.045529099 -1307409.5439760846),81.35557556152344,1,37.38972971404701,32.446182,-87.51427,0
381,R214,1173694.7020032345,-1307333.8453770862,POINT (1173694.7020032345 -1307333.8453770862),85.33999633789062,1,18.916672662763816,32.446181,-87.511939,0
382,R151,1173806.0877651796,-1307179.682480764,POINT (1173806.0877651796 -1307179.682480764),89.18881225585938,0,0.0,32.447393,-87.512933,0
383,R200,1173579.5004287797,-1307352.7300136227,POINT (1173579.5004287797 -1307352.7300136227),79.97850799560547,0,0.0,32.446862,-87.514289,0
384,R179,1173568.071767732,-1307278.2644568642,POINT (1173568.071767732 -1307278.2644568642),83.10619354248047,0,0.0,32.447364,-87.514241,0
385,R153,1173778.1212687304,-1306950.8740697985,POINT (1173778.1212687304 -1306950.8740697985),90.35396575927734,0,0.0,32.449488,-87.513048,2
386,R154,1173765.2885544354,-1306834.429881169,POINT (1173765.2885544354 -1306834.429881169),89.28507232666016,0,0.0,32.450522,-87.5131108,2
387,R164,1173460.322624194,-1307006.6564547727,POINT (1173460.322624194 -1307006.6564547727),88.34312438964844,0,0.0,32.449451,-87.514344,-1
388,R155,1173490.126497255,-1306756.02925948,POINT (1173490.126497255 -1306756.02925948),92.88086700439453,12,434.0246901633889,32.451656,-87.513125,0
389,R204,1173490.126497255,-1306756.02925948,POINT (1173490.126497255 -1306756.02925948),92.88086700439453,0,0.0,32.450505,-87.514375,0
390,R206,1173470.6757781622,-1306621.343728912,POINT (1173470.6757781622 -1306621.343728912),91.42208099365234,0,0.0,32.4528563,-87.5144205,0
391,R159,1175489.0246807735,-1307935.6679263965,POINT (1175489.0246807735 -1307935.6679263965),88.22431182861328,0,0.0,32.4382318,-87.4930215,-1
392,R300,1174352.0918413647,-1307034.8419638565,POINT (1174352.0918413647 -1307034.8419638565),85.89653015136719,1,13.147292110735966,32.4483615,-87.5069151,0
393,R226,1173170.5604356942,-1307302.8018036566,POINT (1173170.5604356942 -1307302.8018036566),77.18548583984375,0,0.0,32.448314,-87.518514,0
394,R271,1172897.646934885,-1307029.2745712725,POINT (1172897.646934885 -1307029.2745712725),73.59291076660156,2,241.1746515291971,32.4493701,-87.5203472,0
395,R446,1172907.9212940296,-1307380.3789164922,POINT (1172907.9212940296 -1307380.3789164922),69.5943603515625,8,109.58410457903969,-87.52138068865912,32.44681877612822,0
396,R447,1172893.8543084564,-1307281.3790990901,POINT (1172893.8543084564 -1307281.3790990901),70.79855346679688,9,121.067891266851,-87.52139415425815,32.44772133520828,0
397,R170,1173186.3227343797,-1307423.326240097,POINT (1173186.3227343797 -1307423.326240097),79.21736907958984,6,94.20886096877568,32.4459614,-87.521622,0
398,R169,1172882.8869384166,-1307520.3704089725,POINT (1172882.8869384166 -1307520.3704089725),69.37491607666016,8,92.16113880203085,32.4456016,-87.5218348,0
399,R448,1173088.0211541837,-1307441.677492237,POINT (1173088.0211541837 -1307441.677492237),77.4339370727539,7,112.38046554103538,-87.51956727737038,32.446034460607805,0
400,R172,1174250.095041849,-1307178.6374662258,POINT (1174250.095041849 -1307178.6374662258),85.37129974365234,0,0.0,32.447201,-87.506957,0
401,R222,1174156.0677564405,-1307131.2138194882,POINT (1174156.0677564405 -1307131.2138194882),86.16809844970703,0,0.0,32.44831,-87.507598,-1
402,R174,1173006.0570489627,-1307327.374489002,POINT (1173006.0570489627 -1307327.374489002),72.55268859863281,6,70.20669527254546,32.448306,-87.520268,0
403,R192,1172986.9009239315,-1307176.8903209313,POINT (1172986.9009239315 -1307176.8903209313),74.59385681152344,15,202.8880699774436,32.448532,-87.520272,0
404,R177,1173001.8402248365,-1307357.9402486675,POINT (1173001.8402248365 -1307357.9402486675),72.29405212402344,6,82.98987164796674,32.447163,-87.520275,0
405,R191,1173006.0570489627,-1307327.374489002,POINT (1173006.0570489627 -1307327.374489002),72.55268859863281,0,0.0,32.4468956,-87.520361,-1
406,R180,1173565.413876534,-1307222.439505299,POINT (1173565.413876534 -1307222.439505299),86.33164978027344,0,0.0,32.447367,-87.514958,-1
407,R184,1172997.1712235026,-1306780.1838241844,POINT (1172997.1712235026 -1306780.1838241844),80.11568450927734,0,0.0,32.452115,-87.517249,0
408,R449,1173095.835773391,-1306764.0464526212,POINT (1173095.835773391 -1306764.0464526212),81.78754425048828,4,96.2532278981617,-87.51856283483443,32.4520752890647,0
409,R450,1173370.532402499,-1306625.6981440068,POINT (1173370.532402499 -1306625.6981440068),91.5377197265625,5,112.51846601759567,-87.5154812137633,32.45294922017666,0
410,R451,1173272.2114377678,-1306643.939423612,POINT (1173272.2114377678 -1306643.939423612),86.91487121582031,8,187.7198896122834,-87.51654163765667,32.452915725141054,0
411,R187,1173060.0659238303,-1306434.8942324286,POINT (1173060.0659238303 -1306434.8942324286),87.31697845458984,12,239.277932595504,32.454796,-87.519435,0
412,R188,1172986.5827391387,-1306317.2631557286,POINT (1172986.5827391387 -1306317.2631557286),84.36177062988281,5,114.49336508300556,32.455899,-87.519996,0
413,R236,1172986.5827391387,-1306317.2631557286,POINT (1172986.5827391387 -1306317.2631557286),84.36177062988281,0,0.0,32.4550616,-87.5184916,-1
414,R295,1173054.0346086542,-1306296.6073075824,POINT (1173054.0346086542 -1306296.6073075824),82.87854766845703,5,89.1440321126801,32.4562087,-87.5191055,0
415,R452,1172666.4764284017,-1306123.0840727978,POINT (1172666.4764284017 -1306123.0840727978),78.25878143310547,0,0.0,-87.52221302292085,32.4583637931245,0
416,R453,1172737.4054763434,-1306193.5756469308,POINT (1172737.4054763434 -1306193.5756469308),79.41452026367188,1,15.188333110300904,-87.52156182382986,32.45764101660492,0
417,R454,1172808.3561256311,-1306264.045536711,POINT (1172808.3561256311 -1306264.045536711),79.61488342285156,1,18.923799205815406,-87.52091037758544,32.45691840105569,0
418,R190,1172895.093075587,-1306350.1947596518,POINT (1172895.093075587 -1306350.1947596518),82.21284484863281,1,14.114983473393407,32.459088,-87.522862,0
419,R455,1173800.6218875772,-1309058.3910971575,POINT (1173800.6218875772 -1309058.3910971575),88.49613952636719,8,108.0398939565629,-87.51426268629454,32.430659732925946,0
420,R275,1173554.6734580204,-1309299.8589885123,POINT (1173554.6734580204 -1309299.8589885123),86.65008544921875,3,87.76634260499225,32.4288759,-87.5158113,0
421,R198,1173898.5043901904,-1309038.559110982,POINT (1173898.5043901904 -1309038.559110982),86.17058563232422,0,0.0,32.4313799,-87.5134154,-1
422,R225,1173579.5004287797,-1307352.7300136227,POINT (1173579.5004287797 -1307352.7300136227),79.97850799560547,0,0.0,32.44567,-87.51431,-1
423,R456,1173324.3724944652,-1306297.190771625,POINT (1173324.3724944652 -1306297.190771625),86.45787048339844,0,0.0,-87.5155201781239,32.45594343706692,-1
424,R457,1173314.8096992907,-1306246.2872279885,POINT (1173314.8096992907 -1306246.2872279885),84.22338104248047,0,0.0,-87.51555160050216,32.45641057424752,-1
425,R458,1175503.5510786972,-1308735.4641334664,POINT (1175503.5510786972 -1308735.4641334664),81.63343048095703,0,0.0,-87.49589124120615,32.43130047756888,0
426,R459,1175459.8917497725,-1308645.498234383,POINT (1175459.8917497725 -1308645.498234383),81.95310974121094,0,0.0,-87.49622837747228,32.4321613759224,0
427,R460,1175415.5209424698,-1308555.8815496196,POINT (1175415.5209424698 -1308555.8815496196),83.06804656982422,0,0.0,-87.49657348670216,32.43302009211822,0
428,R211,1175094.6658580822,-1308439.0697260692,POINT (1175094.6658580822 -1308439.0697260692),84.1504135131836,0,0.0,32.434489,-87.500191,-1
429,R213,1173974.958743796,-1307383.068848514,POINT (1173974.958743796 -1307383.068848514),89.10343170166016,0,0.0,32.444633,-87.510259,-1
430,R461,1173706.077944951,-1305995.747530231,POINT (1173706.077944951 -1305995.747530231),90.99458312988281,0,0.0,-87.51108908614052,32.45813275327053,-1
431,R216,1173691.6365602722,-1306098.6826643304,POINT (1173691.6365602722 -1306098.6826643304),90.5312728881836,0,0.0,32.4589639,-87.5106931,-1
432,R219,1173974.958743796,-1307383.068848514,POINT (1173974.958743796 -1307383.068848514),89.10343170166016,0,0.0,32.4454033,-87.5106418,-1
433,R229,1172997.1712235026,-1306780.1838241844,POINT (1172997.1712235026 -1306780.1838241844),80.11568450927734,0,0.0,32.452077,-87.52007,-1
434,R224,1172927.1960925797,-1306563.3879937993,POINT (1172927.1960925797 -1306563.3879937993),82.93720245361328,0,0.0,32.453754,-87.520072,-1
435,R291,1173380.429377169,-1307591.749484421,POINT (1173380.429377169 -1307591.749484421),78.25221252441406,0,0.0,32.4444108,-87.5185718,-1
436,R233,1174020.544772876,-1306533.9702586832,POINT (1174020.544772876 -1306533.9702586832),87.05164337158203,0,0.0,32.4538538,-87.50853,-1
437,R237,1173060.0659238303,-1306434.8942324286,POINT (1173060.0659238303 -1306434.8942324286),87.31697845458984,0,0.0,32.4552674,-87.5176254,-1
438,R248,1173884.012567218,-1306572.7714940824,POINT (1173884.012567218 -1306572.7714940824),88.02449798583984,1,35.33762449237608,32.4519107,-87.5102234,0
439,R247,1173875.1415106594,-1306667.6111499914,POINT (1173875.1415106594 -1306667.6111499914),87.66849517822266,4,173.80420414701808,32.452231,-87.5107075,0
440,R249,1173875.1415106594,-1306667.6111499914,POINT (1173875.1415106594 -1306667.6111499914),87.66849517822266,0,0.0,32.4527459,-87.5100008,-1
441,R258,1175548.2013410954,-1308824.9340970682,POINT (1175548.2013410954 -1308824.9340970682),82.8550796508789,0,0.0,32.4303462,-87.4974199,-1
442,R260,1175038.9134618319,-1308879.8346038596,POINT (1175038.9134618319 -1308879.8346038596),81.33617401123047,3,61.26286855322711,32.4306236,-87.5009805,0
443,R285,1173603.8336088296,-1308787.3366772912,POINT (1173603.8336088296 -1308787.3366772912),77.67701721191406,1,10.301010417540857,32.4335066,-87.5159695,0
444,R264,1173640.9831577272,-1308108.894512079,POINT (1173640.9831577272 -1308108.894512079),83.24398803710938,2,25.235849375857825,32.4386895,-87.5148341,0
445,R267,1173444.4681880944,-1307552.6138885177,POINT (1173444.4681880944 -1307552.6138885177),78.37594604492188,4,126.11272384189245,32.445,-87.5152007,0
446,R270,1172967.9956838717,-1307085.8214748844,POINT (1172967.9956838717 -1307085.8214748844),74.78763580322266,0,0.0,32.4499676,-87.5210112,-1
447,R462,1172954.9653312403,-1306988.1671760133,POINT (1172954.9653312403 -1306988.1671760133),74.78888702392578,1,10.024344731137441,-87.52035156172398,32.450259277375025,0
448,R274,1173713.3241936848,-1309466.101175916,POINT (1173713.3241936848 -1309466.101175916),88.43425750732422,4,74.39489697046862,32.427196,-87.5177349,0
449,R276,1173681.6293482028,-1309275.6866537207,POINT (1173681.6293482028 -1309275.6866537207),88.7015380859375,0,0.0,32.4288271,-87.517181,-1
450,R277,1173803.7421049704,-1310077.6272665348,POINT (1173803.7421049704 -1310077.6272665348),87.87470245361328,0,0.0,32.4216898,-87.5185061,-1
451,R463,1173704.88488545,-1310092.453613396,POINT (1173704.88488545 -1310092.453613396),87.99810028076172,0,0.0,-87.51667741998952,32.42155158415513,-1
452,R279,1173614.2786193474,-1308857.1532387405,POINT (1173614.2786193474 -1308857.1532387405),79.64563751220703,0,0.0,32.4325727,-87.5149722,-1
453,R283,1173608.7846548916,-1308820.9523653195,POINT (1173608.7846548916 -1308820.9523653195),78.52312469482422,1,12.685879179913861,32.4330325,-87.5159597,1
454,R281,1173614.2786193474,-1308857.1532387405,POINT (1173614.2786193474 -1308857.1532387405),79.64563751220703,0,0.0,32.4327278,-87.5165775,-1
455,R282,1173608.7846548916,-1308820.9523653195,POINT (1173608.7846548916 -1308820.9523653195),78.52312469482422,0,0.0,32.4329836,-87.5166084,-1
456,R284,1173601.1399534417,-1308768.9876076193,POINT (1173601.1399534417 -1308768.9876076193),76.98278045654297,0,0.0,32.4333392,-87.5159661,1
457,R286,1173485.3068449737,-1307918.9776891142,POINT (1173485.3068449737 -1307918.9776891142),77.52812957763672,0,0.0,32.4415586,-87.5170724,-1
458,R289,1173493.7438591868,-1307994.9251089036,POINT (1173493.7438591868 -1307994.9251089036),79.80168914794922,3,51.453181961184306,32.4407075,-87.5172789,0
459,R292,1173054.0346086542,-1306296.6073075824,POINT (1173054.0346086542 -1306296.6073075824),82.87854766845703,0,0.0,32.4557765,-87.5181024,-1
460,R293,1172986.5827391387,-1306317.2631557286,POINT (1172986.5827391387 -1306317.2631557286),84.36177062988281,0,0.0,32.4563044,-87.5183669,-1
461,R294,1173054.0346086542,-1306296.6073075824,POINT (1173054.0346086542 -1306296.6073075824),82.87854766845703,0,0.0,32.4560661,-87.5177778,-1
462,R298,1172458.2972103977,-1306631.3700778356,POINT (1172458.2972103977 -1306631.3700778356),75.49811553955078,0,0.0,32.4554087,-87.5244525,-1
463,R299,1174233.8091625995,-1307012.1849523378,POINT (1174233.8091625995 -1307012.1849523378),85.7713394165039,0,0.0,32.4480034,-87.5057002,-1
